Pos,Tm,Player,Age,Height,Weight,Hand,3P%,2P%,FT%,TRB,AST,STL,BLK,TOV,PF,PTS
C PF PG SF SG,ATL BOS BRK CHI CHO CLE DAL DEN DET GSW HOU IND LAC LAL MEM MIA MIL MIN NOP NYK OKC ORL PHI PHO POR SAC SAS TOR UTA WAS,string,continuous,continuous,continuous,L R,continuous,continuous,continuous,continuous,continuous,continuous,continuous,continuous,continuous,continuous
class,meta,meta,,,,,,,,,,,,,,
PG,DAL,Luka Dončić,23.0,201.0,104.0,R,0.351,0.578,0.730,9.0,8.8,1.6,0.6,3.7,2.9,33.8
C,PHI,Joel Embiid,28.0,213.0,127.0,R,0.347,0.567,0.858,9.8,4.3,1.1,1.7,3.7,3.4,33.4
PF,MIL,Giannis Antetokounmpo,28.0,213.0,109.0,R,0.245,0.569,0.653,11.9,5.3,0.8,0.9,4.0,3.5,31.0
PG,OKC,Shai Gilgeous-Alexander,24.0,198.0,81.0,R,0.352,0.528,0.913,4.8,5.6,1.7,1.1,3.2,2.7,30.7
PF,BOS,Jayson Tatum,24.0,203.0,95.0,R,0.345,0.559,0.862,8.2,4.3,1.0,0.8,2.6,2.1,30.6
PF,BRK,Kevin Durant,34.0,208.0,108.0,R,0.376,0.622,0.934,6.7,5.3,0.8,1.5,3.5,2.4,29.7
PF,LAL,LeBron James,38.0,206.0,113.0,R,0.285,0.595,0.747,8.4,6.8,1.0,0.5,3.3,1.7,29.0
SG,CLE,Donovan Mitchell,26.0,185.0,97.0,R,0.396,0.563,0.868,3.9,4.9,1.5,0.3,2.9,2.5,28.8
PG,POR,Damian Lillard,32.0,188.0,88.0,R,0.359,0.552,0.885,3.9,7.1,0.9,0.3,3.3,1.9,28.5
PG,ATL,Trae Young,24.0,185.0,74.0,R,0.326,0.475,0.894,2.8,9.8,0.8,0.2,3.8,1.5,27.5
PG,MEM,Ja Morant,23.0,190.0,78.0,R,0.313,0.517,0.751,5.8,7.9,1.0,0.3,3.6,1.7,27.4
SF,BOS,Jaylen Brown,26.0,198.0,101.0,R,0.329,0.595,0.795,7.1,3.2,1.1,0.5,3.1,2.8,27.2
SF,CHI,DeMar DeRozan,33.0,198.0,99.0,R,0.271,0.526,0.887,5.0,4.9,1.0,0.5,2.0,2.7,26.1
PG,BRK,Kyrie Irving,30.0,188.0,88.0,R,0.362,0.577,0.902,4.8,4.8,0.8,0.8,2.2,2.6,26.0
C,TOR,Pascal Siakam,28.0,206.0,104.0,R,0.343,0.516,0.779,8.2,6.4,0.8,0.5,2.6,3.3,25.7
C,DEN,Nikola Jokić,27.0,211.0,128.0,R,0.375,0.661,0.812,11.0,9.7,1.4,0.6,3.4,2.8,24.9
SF,UTA,Lauri Markkanen,25.0,213.0,108.0,R,0.413,0.604,0.869,8.6,1.9,0.6,0.6,1.9,2.1,24.6
PF,NYK,Julius Randle,28.0,203.0,113.0,L,0.338,0.545,0.747,10.4,3.8,0.7,0.4,2.7,3.0,24.1
SG,MIN,Anthony Edwards,21.0,193.0,102.0,R,0.359,0.521,0.761,6.0,4.4,1.6,0.5,3.2,2.7,23.8
PG,SAC,De'Aaron Fox,25.0,190.0,83.0,L,0.337,0.570,0.800,4.4,6.1,0.9,0.4,2.7,2.4,23.8
SG,CHI,Zach LaVine,27.0,196.0,90.0,R,0.392,0.519,0.840,4.5,4.3,1.0,0.2,2.5,2.2,23.8
PG,NYK,Jalen Brunson,26.0,185.0,86.0,L,0.393,0.501,0.856,3.6,6.5,1.0,0.2,2.1,2.3,22.2
SG,POR,Anfernee Simons,23.0,190.0,82.0,R,0.377,0.524,0.902,2.9,4.1,0.8,0.3,2.2,2.5,22.0
C,WAS,Kristaps Porziņģis,27.0,221.0,108.0,R,0.341,0.540,0.811,8.9,2.3,1.0,1.5,2.2,2.9,21.9
PF,POR,Jerami Grant,28.0,203.0,95.0,R,0.420,0.534,0.792,4.3,2.6,0.9,0.8,1.9,2.4,21.8
PF,WAS,Kyle Kuzma,27.0,206.0,100.0,R,0.339,0.547,0.723,7.4,3.9,0.5,0.4,3.0,2.5,21.7
C,MIA,Bam Adebayo,25.0,206.0,115.0,R,0.100,0.545,0.802,10.1,3.1,1.1,0.8,2.7,3.0,21.5
SG,HOU,Jalen Green,20.0,193.0,80.0,R,0.326,0.465,0.793,4.3,3.6,0.8,0.2,2.9,1.7,21.5
PF,ORL,Paolo Banchero,20.0,208.0,113.0,R,0.310,0.484,0.754,6.8,3.8,1.1,0.5,2.9,2.4,21.2
PF,DET,Bojan Bogdanović,33.0,201.0,102.0,R,0.415,0.535,0.885,3.6,2.8,0.6,0.1,2.3,1.8,21.2
SG,MIA,Tyler Herro,23.0,196.0,88.0,R,0.392,0.500,0.918,6.0,4.4,1.0,0.3,2.6,1.8,21.2
SF,SAS,Keldon Johnson,23.0,196.0,99.0,R,0.344,0.480,0.773,4.7,2.6,0.7,0.2,2.2,1.9,21.2
SG,NOP,CJ McCollum,31.0,190.0,86.0,R,0.403,0.457,0.785,4.7,5.9,1.0,0.6,2.6,1.7,21.2
SG,UTA,Jordan Clarkson,30.0,193.0,87.0,R,0.350,0.540,0.817,4.2,4.4,0.5,0.2,2.9,2.0,21.1
PG,CLE,Darius Garland,23.0,185.0,87.0,R,0.393,0.482,0.860,2.7,7.7,1.2,0.1,3.2,2.1,21.1
SG,CHO,Terry Rozier,28.0,185.0,86.0,R,0.325,0.475,0.841,4.2,5.2,0.7,0.2,2.5,1.9,21.0
PG,GSW,Jordan Poole,23.0,193.0,87.0,R,0.311,0.544,0.865,2.5,4.5,0.7,0.2,3.5,2.4,20.9
SG,GSW,Klay Thompson,32.0,198.0,97.0,R,0.388,0.462,0.889,3.9,2.5,0.6,0.5,1.7,2.1,20.7
SF,ORL,Franz Wagner,21.0,206.0,102.0,R,0.361,0.548,0.852,3.9,3.4,0.9,0.2,2.1,2.3,20.3
PG,IND,Tyrese Haliburton,22.0,196.0,83.0,R,0.399,0.558,0.880,4.0,10.2,1.8,0.4,2.6,1.1,20.2
SG,ATL,Dejounte Murray,26.0,193.0,81.0,R,0.345,0.488,0.843,5.5,6.1,1.7,0.3,2.4,1.5,20.2
SF,CHO,Kelly Oubre Jr.,27.0,201.0,92.0,L,0.308,0.503,0.714,5.1,1.2,1.6,0.4,1.3,3.0,20.2
SG,NYK,RJ Barrett,22.0,198.0,97.0,L,0.332,0.476,0.759,5.5,2.9,0.5,0.2,2.4,2.4,19.9
PG,HOU,Kevin Porter Jr.,22.0,193.0,92.0,L,0.346,0.501,0.766,5.5,5.6,1.3,0.4,3.6,2.7,19.2
C,SAC,Domantas Sabonis,26.0,211.0,108.0,L,0.388,0.640,0.745,12.5,7.1,0.8,0.5,2.6,3.6,18.9
PG,DEN,Jamal Murray,25.0,190.0,97.0,R,0.389,0.484,0.803,4.0,5.3,0.9,0.2,2.1,1.3,18.6
PG,MIL,Jrue Holiday,32.0,190.0,92.0,R,0.372,0.504,0.863,4.9,7.3,1.4,0.4,3.2,1.9,18.3
SG,TOR,Gary Trent Jr.,24.0,196.0,94.0,R,0.356,0.513,0.831,2.3,1.5,1.7,0.2,1.0,1.7,18.2
C,DAL,Christian Wood,27.0,208.0,97.0,R,0.394,0.630,0.731,8.2,1.6,0.5,1.3,2.1,2.9,18.2
SF,TOR,OG Anunoby,25.0,201.0,105.0,R,0.365,0.524,0.825,5.8,2.1,2.2,0.8,2.3,3.2,18.1
SF,IND,Buddy Hield,30.0,193.0,99.0,R,0.424,0.500,0.875,4.9,2.6,1.0,0.3,1.8,2.0,18.0
PG,TOR,Fred VanVleet,28.0,185.0,89.0,R,0.325,0.433,0.882,4.3,6.3,1.5,0.5,1.7,2.8,17.7
C,PHO,Deandre Ayton,24.0,211.0,113.0,R,0.318,0.593,0.728,9.9,2.1,0.5,0.7,2.1,2.8,17.3
SF,IND,Bennedict Mathurin,20.0,198.0,95.0,R,0.333,0.471,0.809,3.9,1.4,0.6,0.1,1.9,2.0,17.3
PG,MIN,D'Angelo Russell,26.0,193.0,87.0,L,0.362,0.551,0.853,3.1,6.2,1.1,0.4,2.7,2.3,17.0
C,IND,Myles Turner,26.0,211.0,113.0,R,0.379,0.642,0.784,7.9,1.5,0.6,2.3,1.7,3.3,17.0
C,CHI,Nikola Vučević,32.0,208.0,117.0,R,0.377,0.595,0.830,10.9,3.1,0.6,0.9,1.8,2.1,16.9
SF,MEM,Dillon Brooks,27.0,201.0,102.0,R,0.335,0.449,0.788,3.5,2.7,0.8,0.2,1.7,3.4,16.7
PF,DEN,Aaron Gordon,27.0,203.0,106.0,R,0.376,0.656,0.643,6.8,2.4,0.9,0.8,1.6,1.8,16.5
PG,DAL,Spencer Dinwiddie,29.0,196.0,97.0,R,0.407,0.525,0.831,3.0,5.1,0.8,0.3,1.7,2.3,16.3
PF,PHI,Tobias Harris,30.0,203.0,102.0,R,0.381,0.569,0.868,6.3,2.6,1.1,0.6,1.3,2.1,16.3
SG,SAC,Kevin Huerter,24.0,201.0,86.0,R,0.420,0.576,0.728,3.3,2.9,1.1,0.3,1.6,2.7,15.8
SF,PHO,Mikal Bridges,26.0,198.0,94.0,R,0.396,0.494,0.888,4.6,3.3,1.1,0.9,1.3,2.2,15.7
SG,OKC,Josh Giddey,20.0,203.0,95.0,R,0.342,0.514,0.814,8.0,5.6,0.7,0.5,3.1,2.1,15.7
SF,ATL,De'Andre Hunter,25.0,203.0,102.0,R,0.377,0.489,0.821,4.4,1.2,0.5,0.2,1.3,3.0,15.6
SG,LAC,Norman Powell,29.0,190.0,97.0,R,0.389,0.526,0.773,2.9,1.7,0.8,0.4,1.7,2.0,15.6
PG,LAL,Russell Westbrook,34.0,190.0,90.0,R,0.293,0.466,0.671,6.4,7.8,1.0,0.5,3.6,2.4,15.4
PF,TOR,Scottie Barnes,21.0,206.0,102.0,R,0.286,0.504,0.775,7.0,4.8,1.0,0.8,2.1,2.0,15.1
PF,CHO,P.J. Washington,24.0,201.0,104.0,R,0.359,0.498,0.798,4.6,2.3,0.8,1.1,1.5,2.7,15.1
SG,DET,Jaden Ivey,20.0,193.0,88.0,R,0.327,0.452,0.724,4.1,4.2,1.0,0.2,2.8,3.0,15.0
PF,SAC,Harrison Barnes,30.0,203.0,102.0,R,0.356,0.587,0.823,5.1,1.7,0.9,0.1,1.2,1.3,14.9
SG,LAL,Lonnie Walker IV,24.0,193.0,92.0,R,0.384,0.515,0.875,2.3,1.4,0.8,0.3,1.0,1.7,14.7
C,POR,Jusuf Nurkić,28.0,211.0,131.0,R,0.397,0.568,0.673,10.2,2.9,0.9,1.0,2.6,3.7,14.6
C,NOP,Jonas Valančiūnas,30.0,211.0,120.0,R,0.351,0.570,0.843,9.7,1.8,0.3,0.5,2.0,3.0,14.5
C,MIL,Brook Lopez,34.0,213.0,127.0,R,0.392,0.590,0.778,6.5,1.2,0.5,2.5,1.4,2.4,14.4
PF,CLE,Evan Mobley,21.0,213.0,97.0,R,0.196,0.591,0.692,8.8,2.7,0.8,1.3,2.0,2.8,14.4
C,HOU,Alperen Şengün,20.0,206.0,106.0,R,0.200,0.576,0.773,8.6,2.9,0.8,0.9,2.2,3.4,14.4
SG,UTA,Collin Sexton,24.0,185.0,86.0,R,0.395,0.525,0.835,2.2,2.9,0.6,0.1,1.7,2.3,14.2
SF,DET,Saddiq Bey,23.0,201.0,97.0,R,0.326,0.466,0.854,4.3,1.5,0.9,0.2,1.1,1.6,14.1
PG,BOS,Malcolm Brogdon,30.0,196.0,103.0,R,0.452,0.509,0.890,4.1,3.8,0.6,0.2,1.6,1.4,14.1
SG,DAL,Tim Hardaway Jr.,30.0,196.0,92.0,R,0.361,0.445,0.792,3.2,1.5,0.8,0.1,0.9,1.6,14.0
SG,SAC,Malik Monk,24.0,190.0,90.0,R,0.327,0.552,0.907,2.4,3.9,0.6,0.2,1.9,1.6,14.0
PF,MIL,Bobby Portis,27.0,208.0,113.0,R,0.322,0.570,0.813,10.0,1.8,0.5,0.3,1.2,1.7,14.0
SG,OKC,Luguentz Dort,23.0,190.0,97.0,R,0.336,0.458,0.755,4.1,2.3,1.1,0.3,1.5,3.2,13.9
SG,UTA,Malik Beasley,26.0,193.0,84.0,R,0.358,0.492,0.854,3.5,1.7,0.9,0.2,1.0,1.3,13.8
SG,DET,Alec Burks,31.0,198.0,97.0,R,0.444,0.475,0.810,3.0,2.2,0.8,0.2,1.2,2.1,13.8
PG,SAS,Tre Jones,23.0,185.0,83.0,R,0.292,0.495,0.894,3.7,6.4,1.4,0.2,1.9,1.6,13.7
C,CLE,Jarrett Allen,24.0,211.0,110.0,R,0.000,0.639,0.713,9.8,1.6,0.8,1.2,1.4,2.2,13.6
C,MIN,Rudy Gobert,30.0,216.0,117.0,R,0.000,0.685,0.670,11.8,0.8,0.9,1.3,1.8,3.1,13.6
PG,DEN,Bones Hyland,22.0,190.0,78.0,R,0.410,0.414,0.843,2.3,3.2,0.7,0.3,1.7,1.7,13.4
PF,LAC,Marcus Morris,33.0,203.0,98.0,R,0.382,0.498,0.803,4.8,1.7,0.7,0.5,1.0,2.3,13.3
PF,ATL,John Collins,25.0,206.0,106.0,R,0.230,0.619,0.796,7.9,1.2,0.7,1.4,1.3,3.3,13.1
PG,MIA,Kyle Lowry,36.0,183.0,88.0,R,0.336,0.504,0.862,4.4,5.6,1.1,0.5,2.1,2.9,13.1
SF,MIA,Max Strus,26.0,196.0,97.0,R,0.338,0.542,0.868,3.7,2.1,0.8,0.2,1.0,2.0,13.1
SF,NOP,Trey Murphy III,22.0,206.0,93.0,R,0.400,0.615,0.925,3.9,1.3,1.0,0.5,0.8,2.2,12.6
SG,CLE,Caris LeVert,28.0,198.0,92.0,R,0.355,0.451,0.743,4.2,3.7,0.8,0.2,1.6,2.3,12.4
PG,NYK,Immanuel Quickley,23.0,190.0,86.0,R,0.325,0.504,0.844,4.1,3.3,0.9,0.1,1.2,2.0,12.3
C,UTA,Kelly Olynyk,31.0,211.0,108.0,R,0.413,0.575,0.831,5.0,3.3,1.1,0.6,2.3,4.0,12.2
PF,HOU,Jabari Smith Jr.,19.0,208.0,99.0,R,0.316,0.472,0.818,7.1,0.9,0.6,1.0,1.3,3.1,12.1
C,SAS,Jakob Poeltl,27.0,216.0,111.0,R,,0.624,0.592,9.5,2.9,0.9,1.2,2.1,2.4,11.9
SG,OKC,Jalen Williams,21.0,198.0,88.0,R,0.304,0.607,0.743,3.8,2.8,0.9,0.5,1.6,2.5,11.9
PF,ORL,Bol Bol,23.0,218.0,99.0,R,0.382,0.636,0.739,7.0,0.9,0.5,1.5,1.9,1.4,11.8
C,BRK,Nic Claxton,23.0,211.0,97.0,L,0.000,0.736,0.469,8.3,1.4,0.8,2.6,1.2,2.7,11.8
C,DET,Isaiah Stewart,21.0,203.0,113.0,R,0.342,0.559,0.741,7.9,1.2,0.4,0.7,1.5,2.6,11.8
SG,DEN,Kentavious Caldwell-Pope,29.0,196.0,92.0,R,0.484,0.471,0.839,3.0,2.3,1.1,0.3,1.1,2.1,11.7
SG,HOU,Eric Gordon,34.0,190.0,97.0,R,0.360,0.503,0.805,1.9,2.5,0.5,0.3,1.6,0.8,11.7
SF,SAC,Keegan Murray,22.0,203.0,97.0,R,0.404,0.477,0.783,3.8,0.9,0.8,0.6,1.0,2.2,11.7
PF,MIN,Jaden McDaniels,22.0,206.0,83.0,R,0.390,0.605,0.757,3.7,2.0,1.1,1.1,1.5,3.4,11.5
PG,PHI,De'Anthony Melton,24.0,188.0,90.0,R,0.400,0.458,0.710,4.6,2.9,1.9,0.5,1.5,2.5,11.4
PG,LAC,John Wall,32.0,190.0,95.0,R,0.303,0.459,0.681,2.7,5.2,0.8,0.4,2.4,1.7,11.4
PG,LAC,Reggie Jackson,32.0,188.0,94.0,R,0.341,0.464,0.915,2.4,3.7,0.6,0.1,2.0,1.9,11.3
SG,MIN,Jaylen Nowell,23.0,193.0,91.0,R,0.280,0.532,0.775,2.8,2.2,0.7,0.1,1.0,1.6,11.3
C,CHO,Mason Plumlee,32.0,211.0,115.0,L,,0.653,0.600,9.8,3.6,0.6,0.7,1.6,3.0,11.3
PG,BOS,Marcus Smart,28.0,190.0,99.0,R,0.330,0.535,0.783,3.4,7.4,1.3,0.4,2.3,2.7,11.2
SG,SAS,Josh Richardson,29.0,196.0,90.0,R,0.350,0.528,0.875,2.5,3.3,0.8,0.2,1.5,1.7,11.0
SG,DEN,Bruce Brown,26.0,193.0,91.0,R,0.399,0.550,0.804,4.1,3.8,1.0,0.7,1.6,2.4,10.9
PG,MEM,Tyus Jones,26.0,183.0,88.0,R,0.396,0.491,0.783,2.2,4.8,1.0,0.0,0.9,0.4,10.9
SF,CHO,Jalen McDaniels,25.0,206.0,92.0,R,0.342,0.533,0.854,4.8,2.0,1.0,0.6,1.4,2.9,10.8
SG,LAL,Austin Reaves,24.0,196.0,93.0,R,0.360,0.612,0.896,3.1,2.2,0.6,0.4,1.4,1.7,10.8
SF,HOU,Kenyon Martin Jr.,22.0,198.0,97.0,R,0.322,0.685,0.624,4.8,1.4,0.4,0.3,1.1,1.6,10.6
C,MIN,Naz Reid,23.0,206.0,119.0,R,0.357,0.663,0.649,4.9,0.9,0.5,0.9,1.2,2.3,10.6
SF,SAS,Doug McDermott,31.0,201.0,102.0,R,0.421,0.571,0.738,2.4,1.4,0.1,0.2,0.9,1.7,10.5
SG,NYK,Quentin Grimes,22.0,196.0,92.0,R,0.365,0.611,0.813,3.4,2.0,0.8,0.4,1.2,2.7,10.4
SF,NOP,Naji Marshall,25.0,201.0,99.0,R,0.341,0.503,0.793,3.7,2.4,0.8,0.2,1.3,1.5,10.4
PF,MIA,Caleb Martin,27.0,196.0,92.0,R,0.389,0.512,0.773,4.8,1.9,1.0,0.4,1.1,1.9,10.4
SG,PHI,Shake Milton,26.0,196.0,92.0,R,0.375,0.565,0.833,3.0,3.4,0.3,0.2,1.5,1.8,10.4
SG,MIL,Grayson Allen,27.0,193.0,89.0,R,0.391,0.504,0.899,3.5,2.6,0.7,0.2,1.1,1.5,10.2
PG,UTA,Mike Conley,35.0,185.0,79.0,L,0.349,0.420,0.787,2.1,7.5,1.0,0.2,1.7,2.2,10.2
PF,MEM,Brandon Clarke,26.0,203.0,97.0,R,0.167,0.671,0.756,5.4,1.1,0.5,0.7,1.1,2.4,10.1
PG,WAS,Monte Morris,27.0,188.0,83.0,R,0.374,0.527,0.776,3.3,5.3,0.7,0.2,1.0,1.4,10.1
C,LAC,Ivica Zubac,25.0,213.0,108.0,R,0.000,0.622,0.699,10.5,1.1,0.4,1.3,2.0,3.0,10.1
PG,DET,Killian Hayes,21.0,196.0,88.0,L,0.340,0.433,0.810,2.9,5.7,1.2,0.4,1.9,2.8,10.0
PF,IND,Jalen Smith,22.0,208.0,97.0,R,0.275,0.590,0.772,6.1,1.1,0.4,0.9,1.2,2.3,10.0
PF,CHI,Patrick Williams,21.0,201.0,97.0,R,0.411,0.495,0.904,4.1,1.3,0.7,0.9,1.3,2.1,10.0
SG,BOS,Derrick White,28.0,193.0,86.0,R,0.376,0.536,0.855,3.1,3.3,0.8,0.9,1.0,2.3,9.9
SF,ATL,AJ Griffin,19.0,198.0,100.0,R,0.371,0.586,0.875,2.2,1.0,0.8,0.2,0.7,1.2,9.8
SF,POR,Josh Hart,27.0,196.0,97.0,R,0.346,0.576,0.747,8.3,4.2,1.2,0.2,1.7,2.7,9.7
SF,WAS,Corey Kispert,23.0,201.0,99.0,R,0.416,0.587,0.830,2.9,1.4,0.6,0.1,0.8,1.5,9.7
PF,MEM,Santi Aldama,22.0,211.0,101.0,R,0.373,0.593,0.722,5.0,1.3,0.7,0.8,0.6,2.2,9.6
PF,TOR,Chris Boucher,30.0,206.0,90.0,R,0.293,0.575,0.752,5.5,0.4,0.7,0.7,0.5,2.1,9.6
SF,IND,Aaron Nesmith,23.0,196.0,97.0,R,0.342,0.518,0.891,3.9,1.3,0.8,0.5,0.9,3.2,9.6
SG,CHI,Ayo Dosunmu,23.0,196.0,90.0,R,0.324,0.589,0.796,3.1,2.6,0.7,0.3,1.4,2.5,9.5
C,BOS,Al Horford,36.0,206.0,108.0,R,0.441,0.584,0.600,6.3,2.7,0.5,1.0,0.6,1.8,9.5
C,SAS,Zach Collins,25.0,211.0,113.0,R,0.365,0.594,0.716,5.8,2.5,0.4,0.8,2.0,3.4,9.4
SF,BRK,Royce O'Neale,29.0,193.0,102.0,R,0.410,0.384,0.690,4.9,4.1,0.9,0.8,1.6,3.1,9.4
SG,BRK,Seth Curry,32.0,188.0,83.0,R,0.424,0.485,0.955,2.0,2.1,0.6,0.2,1.0,1.8,9.3
C,ATL,Onyeka Okongwu,22.0,203.0,106.0,R,0.000,0.622,0.730,7.7,1.0,0.7,1.2,1.0,3.2,9.3
SF,CLE,Cedi Osman,27.0,201.0,104.0,R,0.339,0.617,0.657,2.4,1.5,0.5,0.1,0.9,1.8,9.3
PF,PHI,Georges Niang,29.0,201.0,104.0,R,0.410,0.565,0.926,2.3,1.0,0.4,0.2,0.8,2.1,9.2
PG,NOP,Jose Alvarado,24.0,183.0,81.0,R,0.333,0.485,0.787,2.5,3.1,1.2,0.1,1.4,2.0,9.1
SG,PHO,Damion Lee,30.0,196.0,95.0,R,0.485,0.442,0.954,3.5,1.3,0.4,0.1,1.0,1.7,9.1
PF,CLE,Kevin Love,34.0,203.0,113.0,R,0.358,0.470,0.877,7.2,1.9,0.2,0.2,1.2,1.7,8.9
PF,BOS,Grant Williams,24.0,198.0,107.0,R,0.403,0.648,0.859,4.7,1.7,0.7,0.4,0.9,2.4,8.9
PF,OKC,Aleksej Pokusevski,21.0,213.0,86.0,R,0.376,0.486,0.636,5.1,2.0,0.6,1.3,1.3,1.8,8.8
PG,OKC,Tre Mann,21.0,190.0,80.0,R,0.307,0.500,0.704,2.4,1.7,0.7,0.2,1.0,1.5,8.7
SF,PHO,Torrey Craig,32.0,201.0,100.0,R,0.408,0.545,0.774,5.8,1.5,0.7,0.6,0.8,2.4,8.6
PF,SAS,Jeremy Sochan,19.0,206.0,104.0,R,0.200,0.531,0.610,4.8,2.4,0.8,0.5,1.8,2.7,8.6
SG,IND,Andrew Nembhard,23.0,196.0,87.0,R,0.385,0.500,0.909,3.1,3.8,1.0,0.2,1.6,2.8,8.4
PF,UTA,Jarred Vanderbilt,23.0,206.0,97.0,L,0.326,0.615,0.679,8.1,2.8,1.1,0.3,1.5,2.6,8.4
C,MEM,Steven Adams,29.0,211.0,120.0,R,0.000,0.592,0.342,11.4,2.3,0.8,1.2,1.9,2.3,8.3
SG,LAC,Terance Mann,26.0,196.0,97.0,R,0.348,0.592,0.770,3.7,1.9,0.6,0.3,1.0,1.8,8.3
C,CHO,Nick Richards,25.0,213.0,111.0,R,,0.625,0.733,5.8,0.6,0.2,0.8,0.8,2.3,8.3
SG,BRK,Joe Harris,31.0,198.0,99.0,R,0.385,0.544,0.667,2.8,1.5,0.6,0.3,0.6,2.6,8.2
SG,CHI,Coby White,22.0,196.0,88.0,R,0.358,0.524,0.784,2.6,1.9,0.7,0.1,0.8,1.7,8.2
SF,WAS,Deni Avdija,22.0,206.0,95.0,R,0.279,0.541,0.792,6.0,2.7,0.8,0.6,1.5,3.0,8.1
SG,ORL,Terrence Ross,31.0,198.0,93.0,R,0.376,0.485,0.750,2.1,1.3,0.6,0.2,0.9,1.3,8.0
SG,DET,Hamidou Diallo,24.0,196.0,91.0,R,0.278,0.593,0.560,3.5,0.9,0.8,0.2,1.0,2.1,7.9
PF,HOU,Tari Eason,21.0,203.0,97.0,R,0.360,0.452,0.800,5.2,0.9,1.1,0.5,1.0,2.2,7.9
PF,MIN,Kyle Anderson,29.0,206.0,104.0,R,0.395,0.517,0.786,4.2,3.8,1.2,0.8,1.5,2.1,7.8
SG,GSW,Donte DiVincenzo,26.0,193.0,92.0,R,0.373,0.444,0.857,4.8,3.0,1.3,0.1,1.4,1.9,7.8
PF,NOP,Larry Nance Jr.,30.0,201.0,111.0,R,0.385,0.656,0.692,5.7,1.8,0.9,0.8,0.8,2.3,7.8
PG,MIL,Jevon Carter,27.0,185.0,90.0,R,0.386,0.420,0.840,2.8,2.9,1.2,0.5,1.2,2.0,7.7
C,DET,Jalen Duren,19.0,208.0,113.0,R,0.000,0.637,0.573,8.5,1.0,0.6,0.7,1.2,2.6,7.7
C,WAS,Daniel Gafford,24.0,208.0,106.0,R,,0.751,0.613,4.9,0.7,0.3,1.1,0.9,2.1,7.7
PF,OKC,Kenrich Williams,28.0,198.0,95.0,R,0.440,0.603,0.462,4.8,1.5,0.7,0.3,0.4,2.0,7.7
C,ORL,Mo Bamba,24.0,213.0,104.0,R,0.376,0.606,0.694,4.9,1.0,0.3,1.0,0.6,2.2,7.6
PF,GSW,Draymond Green,32.0,198.0,104.0,R,0.315,0.584,0.702,7.1,6.6,0.8,0.8,2.4,2.9,7.6
SG,POR,Shaedon Sharpe,19.0,198.0,90.0,R,0.346,0.545,0.611,2.5,0.5,0.4,0.1,0.7,1.6,7.6
SG,WAS,Will Barton,32.0,198.0,82.0,R,0.365,0.383,0.789,2.8,2.5,0.4,0.3,1.1,1.1,7.5
SF,SAS,Keita Bates-Diop,27.0,203.0,103.0,R,0.372,0.569,0.814,2.7,0.7,0.6,0.2,0.8,0.8,7.5
PF,GSW,Jonathan Kuminga,20.0,203.0,95.0,R,0.258,0.569,0.672,3.2,1.7,0.5,0.5,1.5,2.3,7.5
PG,BRK,Ben Simmons,26.0,208.0,108.0,L,0.000,0.586,0.413,6.7,6.2,1.5,0.5,2.1,3.5,7.5
PG,CHI,Goran Dragić,36.0,190.0,86.0,L,0.373,0.478,0.639,1.5,2.9,0.2,0.1,1.2,1.4,7.4
SF,GSW,Anthony Lamb,25.0,198.0,102.0,R,0.403,0.694,0.759,3.3,1.7,0.6,0.3,1.1,2.3,7.4
C,NYK,Mitchell Robinson,24.0,213.0,108.0,R,,0.689,0.535,9.0,1.0,0.9,1.8,0.5,3.1,7.4
C,IND,Isaiah Jackson,21.0,208.0,93.0,R,0.125,0.571,0.696,4.2,1.0,0.5,1.5,1.0,2.4,7.2
C,UTA,Walker Kessler,21.0,216.0,111.0,R,,0.719,0.558,6.8,0.6,0.3,2.0,0.7,2.3,7.2
SG,UTA,Talen Horton-Tucker,22.0,193.0,106.0,R,0.258,0.496,0.750,2.5,2.4,0.7,0.4,1.3,1.4,7.1
SG,OKC,Isaiah Joe,23.0,193.0,74.0,R,0.422,0.579,0.795,2.0,1.1,0.6,0.1,0.4,1.5,7.0
SG,MEM,John Konchar,26.0,196.0,95.0,R,0.373,0.551,0.870,5.2,1.5,1.1,0.3,0.6,1.5,6.9
PG,WAS,Jordan Goodwin,24.0,190.0,90.0,R,0.403,0.489,0.730,3.6,2.8,1.0,0.6,1.0,1.8,6.8
PF,SAC,Trey Lyles,27.0,206.0,106.0,R,0.360,0.600,0.756,3.7,0.9,0.3,0.5,0.9,1.2,6.8
SG,SAC,Terence Davis,25.0,193.0,91.0,R,0.350,0.563,0.864,2.5,1.3,0.8,0.3,0.9,1.8,6.7
C,GSW,Kevon Looney,26.0,206.0,100.0,R,,0.632,0.636,8.5,2.8,0.4,0.5,0.5,2.8,6.7
SF,LAL,Troy Brown Jr.,23.0,198.0,97.0,R,0.357,0.533,1.000,3.9,0.8,0.8,0.1,0.8,1.4,6.6
C,PHO,Jock Landale,27.0,211.0,116.0,R,0.245,0.634,0.823,4.0,0.9,0.2,0.6,0.9,1.8,6.6
SG,BRK,Edmond Sumner,27.0,193.0,88.0,R,0.281,0.545,0.931,1.4,1.4,0.8,0.2,0.9,1.5,6.6
PF,MEM,David Roddy,21.0,198.0,115.0,R,0.281,0.561,0.581,2.7,0.7,0.4,0.3,0.8,1.5,6.5
SG,LAL,Kendrick Nunn,27.0,188.0,86.0,L,0.317,0.450,0.842,1.1,0.9,0.3,0.0,0.9,0.8,6.3
SG,OKC,Aaron Wiggins,24.0,198.0,90.0,R,0.393,0.544,0.811,3.4,1.5,0.5,0.2,0.9,1.6,6.3
PF,LAC,Nicolas Batum,34.0,203.0,104.0,R,0.391,0.535,0.633,4.4,1.4,0.7,0.7,0.8,2.1,6.2
C,CHI,Andre Drummond,29.0,208.0,126.0,R,0.000,0.610,0.561,6.8,0.7,0.6,0.3,1.1,2.0,6.2
SF,IND,Oshae Brissett,24.0,201.0,95.0,R,0.333,0.513,0.683,3.4,0.4,0.6,0.2,0.5,1.3,6.1
PF,LAL,Wenyen Gabriel,25.0,206.0,92.0,R,0.429,0.664,0.690,4.0,0.5,0.4,0.6,0.8,2.1,6.1
SF,MIL,MarJon Beauchamp,22.0,198.0,90.0,R,0.324,0.500,0.720,2.5,0.7,0.5,0.1,1.0,1.6,6.0
C,PHI,Montrezl Harrell,29.0,201.0,108.0,R,0.000,0.592,0.720,2.8,0.7,0.3,0.6,0.7,1.4,6.0
PG,IND,T.J. McConnell,30.0,185.0,86.0,R,0.304,0.498,0.897,2.6,4.5,1.0,0.1,1.5,1.3,6.0
PG,SAC,Davion Mitchell,24.0,188.0,92.0,R,0.320,0.560,0.706,1.5,2.3,0.6,0.3,1.0,1.5,5.9
C,OKC,Mike Muscala,31.0,208.0,108.0,R,0.374,0.556,0.800,3.1,0.9,0.3,0.5,0.4,1.8,5.9
C,DAL,Dwight Powell,31.0,208.0,108.0,R,0.000,0.748,0.698,3.8,0.6,0.5,0.4,0.8,2.8,5.9
PG,LAL,Patrick Beverley,34.0,185.0,81.0,R,0.333,0.492,0.806,3.5,2.6,0.8,0.6,1.0,2.8,5.8
SF,DAL,Reggie Bullock,31.0,198.0,92.0,R,0.339,0.485,0.654,3.4,1.1,0.7,0.2,0.5,2.2,5.7
PF,BOS,Sam Hauser,25.0,203.0,97.0,R,0.399,0.677,0.615,2.4,0.7,0.3,0.2,0.3,1.1,5.7
SF,CHI,Derrick Jones Jr.,25.0,196.0,95.0,L,0.359,0.607,0.792,2.5,0.6,0.4,0.7,0.5,1.5,5.7
PF,DET,Kevin Knox,23.0,201.0,97.0,R,0.356,0.632,0.793,2.5,0.4,0.3,0.3,0.7,1.8,5.7
C,POR,Drew Eubanks,25.0,206.0,111.0,R,0.750,0.738,0.667,4.4,1.0,0.5,1.1,0.9,2.1,5.6
SG,MIN,Austin Rivers,30.0,193.0,90.0,R,0.386,0.576,0.862,1.6,1.5,0.6,0.1,0.6,1.7,5.6
PG,TOR,Malachi Flynn,24.0,185.0,79.0,R,0.389,0.365,0.765,1.6,1.6,0.4,0.1,0.5,1.5,5.5
SF,ATL,Jalen Johnson,21.0,206.0,99.0,R,0.273,0.596,0.714,3.6,1.0,0.5,0.5,0.5,1.6,5.5
PG,CHO,Théo Maledon,21.0,193.0,79.0,R,0.323,0.467,0.875,2.4,2.5,0.8,0.2,1.0,1.0,5.5
PG,CHI,Alex Caruso,28.0,193.0,84.0,R,0.400,0.474,0.738,2.8,3.4,1.6,0.7,1.4,2.4,5.4
SG,GSW,Moses Moody,20.0,198.0,92.0,R,0.366,0.596,0.703,1.7,0.9,0.4,0.1,0.7,0.9,5.4
SF,CLE,Isaac Okoro,22.0,196.0,102.0,R,0.306,0.586,0.768,2.5,0.8,0.7,0.4,0.6,1.9,5.4
C,NYK,Isaiah Hartenstein,24.0,213.0,113.0,L,0.242,0.538,0.750,6.2,0.7,0.6,0.7,0.8,2.4,5.2
PF,DEN,Vlatko Čančar,25.0,203.0,107.0,R,0.483,0.547,0.923,2.1,1.2,0.4,0.2,0.6,1.7,5.1
PG,NOP,Devonte' Graham,27.0,185.0,88.0,R,0.322,0.459,0.771,1.5,2.2,0.5,0.2,0.5,0.8,5.0
PG,MIL,George Hill,36.0,193.0,85.0,R,0.308,0.593,0.727,2.1,2.6,0.5,0.1,0.9,1.2,5.0
C,SAC,Chimezie Metu,25.0,206.0,102.0,R,0.238,0.696,0.826,3.1,0.7,0.3,0.2,0.7,1.2,5.0
PF,TOR,Thaddeus Young,34.0,203.0,106.0,L,0.174,0.615,0.737,3.6,1.6,1.1,0.1,0.7,1.8,4.9
SF,PHI,Danuel House Jr.,29.0,198.0,99.0,R,0.333,0.674,0.750,2.0,0.8,0.2,0.2,0.5,1.3,4.8
SG,HOU,Garrison Mathews,26.0,196.0,97.0,R,0.356,0.400,0.939,1.2,0.5,0.6,0.1,0.3,1.3,4.7
SG,PHO,Josh Okogie,24.0,193.0,96.0,R,0.254,0.512,0.721,3.0,1.1,0.6,0.4,0.8,1.4,4.7
PG,ATL,Aaron Holiday,26.0,183.0,83.0,R,0.400,0.426,0.846,1.5,1.5,0.6,0.2,0.6,1.6,4.6
PG,DET,Cory Joseph,31.0,190.0,90.0,R,0.313,0.452,0.765,1.3,3.1,0.4,0.1,0.7,1.5,4.6
PF,DEN,Zeke Nnaji,22.0,206.0,108.0,R,0.182,0.718,0.767,1.8,0.2,0.2,0.3,0.5,1.7,4.6
PG,NOP,Dyson Daniels,19.0,203.0,90.0,R,0.373,0.506,0.577,3.4,2.2,0.8,0.2,0.8,2.0,4.4
C,TOR,Christian Koloko,22.0,216.0,104.0,R,0.111,0.523,0.660,3.4,0.5,0.3,1.1,0.5,2.6,3.8
C,BOS,Luke Kornet,27.0,218.0,113.0,R,0.429,0.707,0.833,3.2,0.7,0.2,0.8,0.4,1.3,3.8
PF,SAS,Isaiah Roby,24.0,203.0,104.0,R,0.298,0.548,0.448,2.4,1.0,0.4,0.2,0.6,1.1,3.8
SG,LAC,Amir Coffey,25.0,201.0,95.0,L,0.321,0.394,0.814,1.2,1.3,0.2,0.1,0.4,1.1,3.7
PG,NYK,Miles McBride,22.0,188.0,90.0,R,0.273,0.500,0.684,0.7,1.1,0.6,0.0,0.5,0.9,3.7
C,PHO,Bismack Biyombo,30.0,203.0,115.0,R,,0.557,0.325,3.7,0.8,0.3,1.3,0.9,1.9,3.6
C,NYK,Jericho Sims,24.0,208.0,111.0,R,,0.779,0.800,4.2,0.3,0.2,0.6,0.4,1.6,3.6
PG,HOU,Daishen Nix,20.0,196.0,101.0,R,0.338,0.412,0.696,1.5,2.4,0.7,0.1,1.3,0.8,3.4
PF,PHI,P.J. Tucker,37.0,196.0,111.0,R,0.377,0.440,0.857,4.3,0.9,0.6,0.3,0.8,2.5,3.4
SG,DEN,Christian Braun,21.0,201.0,98.0,R,0.316,0.514,0.565,1.8,0.5,0.3,0.2,0.4,1.1,3.3
PF,HOU,Usman Garuba,20.0,203.0,99.0,R,0.409,0.560,0.559,4.8,1.0,0.7,0.5,0.8,1.8,3.3
C,PHI,Paul Reed,23.0,206.0,95.0,R,0.000,0.588,0.778,3.4,0.4,0.7,0.6,0.6,2.0,3.2
